file,sha256
include/radixkit/detail/adaptive_keys.hpp,522abb906eb2d078075f60a3652634d25bd1165502745659bb53e3c28c87e7a9
include/radixkit/detail/key.hpp,db684357662249585e1a601314178c02e7aaf596db5697b5aefb1f04af60cc97
include/radixkit/detail/partial_sort.hpp,24ff82609331b50bfdbe74a1a37ec2a3de0c3678dc9615fc21b69c144dbf7c12
include/radixkit/detail/radix.hpp,b304577d5a10a72cecb9d3b8c75a1734eac85ef8c043f7298d5d49e3f89aca21
include/radixkit/detail/radix64.hpp,2968c2b82d4c7f804f78bcf7555114bd00062d10824466e428238481aeb8f28f
include/radixkit/detail/scatter_radix.hpp,092f08bf3b7d180364c42b7807280c39dd6f1bd5ec3cd27af090a867a4bd25c7
include/radixkit/detail/select.hpp,588b3bc7e4fcf70457573e9c781ccba3eecfeebe51e32949ecde7fa73f757bfd
include/radixkit/detail/sort_dispatch.hpp,02ca834d926f713bea9b3aecbee9b65c04582d43e396a308987e10397234eac1
include/radixkit/detail/striped_radix.hpp,95a09bcffa8b9fdb40866768c381107ea5c18821065505110d2fdcce99fc5c2b
include/radixkit/detail/wide_counting.hpp,341053d82fde0904ad4d87a47bb1b6db187f5e2efb5b3d27034150a2d2b52140
include/radixkit/detail/wide_dictionary.hpp,4853d9c514615fc6b16eeada93630af259a46fd569c959e1d19cd314e8d043c6
include/radixkit/detail/wide_dispatch.hpp,6dc23e6e920a743f9145e015eb5f3c7ed3d5aed0041aff0f745c103d3006ae2c
include/radixkit/detail/wide_order.hpp,0e784e092769cacb1368414dd61269c236c0a78a6d4bd3784b5c8bbceaa596c6
include/radixkit/detail/wide_partitioned.hpp,cb8d503fd7fbaeea875cd399f8c67187c0fbd4416a8b31581769f74c487ae0ab
include/radixkit/detail/wide_runs.hpp,a4aa66e1b04358cbe78e22fb13eb482ec62d695fc5a39f1b03ed1258cf606710
include/radixkit/key_value.hpp,bbd1216504c58422e348fa7723f47e59ef69f03581ec723ae3e0d333ba99b787
include/radixkit/radixkit.hpp,cc634de015441b3eeaef75552278d16be4f84479d76db4949f1325b5d1c398e4
include/radixkit/selection.hpp,cda77c563d4051a380c5d7fe74d9e868cdb5186e2c73072597ba9640f8923840
include/radixkit/sort.hpp,67bdc171e072cc74a24c4c442bc3adfbf90c74f4b4be022cc96cd80c39356194
include/radixkit/sort64.hpp,1cc867fabc0206cf3eb89be22b6c6c4e4eeb0918288cc6e1a93bafac74f93761
include/radixkit/sort_policy.hpp,28e338f8cae5c2d0dd55dc6d299500b9fcc66e16c25044c77d4611c908d44cf2
include/radixkit/topk.hpp,d9d0d3f7cc4a9f9661852be8d9279ebe553692053c516a11539800d8c34f75ca
bench/sort_benchmark.cpp,dfb22c95accc24f315d203f07eab9456a9ac31778688de52d91d3bfd48f1ab38
third_party/ska_sort/ska_sort.hpp,e24bd146f500a3fd39539eb6675f36d0c156f3dc6779da58efcc28ff001ae553
CMakeLists.txt,d6c3d1cd7e0113044eb945af0459093160a71224747bddecd0d8c20f5506bcc8
scripts/summarize_sort.py,4aee066ad23b5aba2955e44a28a16341fee9c3e650f907bac11754c69005caee
